90,226,169,0,af
172,226,90,1,al
178,71,143,2,dz
111,131,202,3,ao
100,144,250,4,aq
45,178,111,5,ar
202,66,142,6,am
178,85,116,7,au
202,169,51,8,at
90,217,226,9,az
152,57,226,10,bs
107,178,226,11,bd
198,226,107,12,by
250,228,100,13,be
107,120,226,14,bz
136,178,45,15,bj
202,51,186,16,bt
202,150,66,17,bo
225,250,119,18,ba
58,139,178,19,bw
124,90,226,20,br
176,85,178,21,bn
81,128,202,22,bg
69,57,226,23,bf
178,45,92,24,bi
250,137,209,25,kh
246,250,137,26,cm
202,96,189,27,ca
202,111,116,28,cf
125,178,71,29,td
98,178,111,30,cl
250,198,137,31,cn
124,201,226,32,co
250,210,119,33,cg
202,81,108,34,cr
96,102,202,35,hr
144,51,202,36,cu
70,178,45,37,cy
89,250,62,38,cz
137,228,250,39,ci
62,243,250,40,cd
51,202,193,41,dk
250,98,62,42,dj
67,62,250,43,do
226,213,90,44,ec
73,226,111,45,eg
71,178,123,46,sv
100,247,250,47,gq
178,58,120,48,er
142,81,250,49,ee
226,86,73,50,et
148,124,226,51,fk
81,187,250,52,fj
226,107,217,53,fi
161,202,51,54,tf
58,178,158,55,fr
85,178,115,56,ga
90,150,226,57,gm
66,165,202,58,ge
168,226,124,59,de
250,62,119,60,gh
195,66,202,61,gr
57,202,51,62,gl
178,177,98,63,gt
119,202,96,64,gn
85,178,161,65,gw
124,151,226,66,gy
137,172,250,67,ht
81,250,114,68,hn
226,124,134,69,hu
119,250,232,70,is
218,226,124,71,in
177,81,202,72,id
250,100,119,73,ir
51,202,119,74,iq
191,250,137,75,ie
178,58,60,76,il
202,94,51,77,it
81,250,197,78,jm
172,202,96,79,jp
250,119,246,80,jo
250,146,119,81,kz
191,90,226,82,ke
226,180,57,83,xk
120,202,66,84,kw
98,178,151,85,kg
136,73,226,86,la
226,107,159,87,lv
58,178,76,88,lb
250,169,81,89,ls
57,226,125,90,lr
101,178,85,91,ly
226,90,194,92,lt
140,71,178,93,lu
72,226,57,94,mg
226,97,57,95,mw
189,119,250,96,my
57,128,226,97,ml
125,98,178,98,mr
146,202,111,99,mx
45,114,178,100,md
226,196,107,101,mn
182,111,202,102,me
226,147,90,103,ma
119,250,167,104,mz
250,62,212,105,mm
93,81,202,106,cy
107,226,216,107,na
178,45,158,108,np
124,226,131,109,nl
98,167,178,110,nc
226,57,100,111,nz
130,85,178,112,ni
202,197,81,113,ne
71,108,178,114,ng
250,86,81,115,kp
119,203,250,116,mk
73,86,226,117,no
81,104,250,118,om
137,250,217,119,pk
202,196,111,120,ps
58,80,178,121,pa
85,85,178,122,pg
202,81,168,123,py
178,58,178,124,pe
131,250,81,125,ph
111,202,122,126,pl
88,71,178,127,pt
250,119,182,128,pr
226,165,124,129,qa
250,155,100,130,ro
178,98,98,131,ru
216,226,73,132,rw
130,100,250,133,ss
128,66,202,134,sa
187,202,66,135,sn
204,100,250,136,rs
211,73,226,137,sl
178,146,85,138,sk
88,202,81,139,si
100,250,179,140,sb
235,137,250,141,so
100,178,58,142,so
250,81,159,143,za
202,108,96,144,kr
202,96,137,145,es
139,226,107,146,lk
69,51,202,147,sd
73,226,186,148,sr
133,45,178,149,se
178,105,71,150,ch
148,202,81,151,sy
96,202,125,152,tw
226,161,73,153,tj
178,155,45,154,tz
226,124,184,155,th
178,98,153,156,tl
111,202,167,157,tg
73,191,226,158,tt
73,178,71,159,tn
81,188,202,160,tr
178,138,98,161,tm
137,111,202,162,ug
159,178,58,163,ua
202,152,111,164,ae
178,100,85,165,gb
155,226,57,166,us
164,98,178,167,uy
96,154,202,168,uz
143,96,202,169,vu
100,250,105,170,ve
66,202,173,171,vn
178,71,90,172,eh
45,178,177,173,ye
181,250,62,174,zm
62,150,250,175,zw
250,137,154,176,sz
